apple,pen
33271.0,2574.0
31409.0,2431.0
29529.0,2260.0
27732.0,2107.0
25790.0,1974.0
23892.0,1825.0
21997.0,1687.0
20161.0,1567.0
18293.0,1442.0
16414.0,1286.0
14618.0,1135.0
12703.0,995.0
10783.0,859.0
8911.0,698.0
42091.0,3179.0
40197.0,3019.0
38289.0,2877.0
36449.0,2727.0
34477.0,2581.0
32616.0,2435.0
30793.0,2303.0
28883.0,2151.0
27049.0,2000.0
25200.0,1842.0
23273.0,1676.0
21391.0,1520.0
19594.0,1395.0
17746.0,1236.0
15872.0,1108.0
13994.0,968.0
12167.0,822.0
45346.0,3424.0
43462.0,3295.0
41643.0,3164.0
39791.0,3026.0
37928.0,2871.0
36078.0,2712.0
34284.0,2563.0
32411.0,2426.0
30527.0,2287.0
28632.0,2144.0
26743.0,2005.0
24921.0,1863.0
23068.0,1707.0
21159.0,1558.0
54183.0,4119.0
52287.0,3977.0
50314.0,3847.0
48566.0,3706.0
46754.0,3565.0
44843.0,3429.0
43012.0,3289.0
41169.0,3152.0
39224.0,3018.0
37361.0,2865.0
35535.0,2710.0
33692.0,2557.0
31763.0,2422.0
29875.0,2297.0
63194.0,4771.0
61330.0,4601.0
59472.0,4445.0
57590.0,4303.0
55746.0,4159.0
53927.0,4032.0
52065.0,3900.0
50169.0,3757.0
48337.0,3635.0
46538.0,3499.0
44678.0,3358.0
42839.0,3233.0
40931.0,3076.0
39077.0,2941.0
72397.0,5614.0
70503.0,5459.0
68644.0,5315.0
66788.0,5172.0
64924.0,5024.0
63041.0,4899.0
61174.0,4758.0
59297.0,4608.0
57315.0,4446.0
55428.0,4328.0
53507.0,4179.0
51582.0,4045.0
49702.0,3900.0
47866.0,3757.0
45973.0,3618.0
44069.0,3474.0
42158.0,3340.0
74941.0,5862.0
73059.0,5715.0
71244.0,5571.0
69360.0,5414.0
67498.0,5266.0
65646.0,5137.0
63768.0,4994.0
61934.0,4833.0
60019.0,4675.0
58178.0,4515.0
56315.0,4351.0
54510.0,4208.0
52664.0,4092.0
50730.0,3938.0
83396.0,6397.0
81503.0,6243.0
79636.0,6104.0
77796.0,5950.0
75947.0,5788.0
74083.0,5636.0
72177.0,5484.0
70229.0,5338.0
68329.0,5185.0
66471.0,5049.0
64654.0,4899.0
62740.0,4748.0
60821.0,4594.0
58984.0,4436.0
57150.0,4286.0
55264.0,4131.0
88247.0,6680.0
86369.0,6512.0
84496.0,6379.0
82694.0,6230.0
80872.0,6085.0
79014.0,5943.0
77135.0,5797.0
75276.0,5652.0
73430.0,5497.0
71526.0,5368.0
69676.0,5222.0
67831.0,5077.0
65947.0,4921.0
64071.0,4804.0
97035.0,7467.0
95175.0,7311.0
93303.0,7175.0
91433.0,7051.0
89596.0,6897.0
87749.0,6753.0
85899.0,6625.0
84051.0,6492.0
82171.0,6345.0
80236.0,6197.0
78326.0,6067.0
76494.0,5922.0
74569.0,5788.0
72698.0,5647.0
70819.0,5495.0
68942.0,5344.0
67000.0,5196.0
100031.0,7752.0
98112.0,7606.0
96157.0,7461.0
94322.0,7314.0
92438.0,7186.0
90596.0,7035.0
88796.0,6893.0
86971.0,6777.0
85142.0,6646.0
83276.0,6500.0
81392.0,6368.0
79615.0,6250.0
77764.0,6103.0
75925.0,5986.0
109051.0,8548.0
107219.0,8404.0
105336.0,8263.0
103451.0,8126.0
101642.0,7973.0
99764.0,7820.0
97856.0,7688.0
96029.0,7532.0
94095.0,7387.0
92179.0,7263.0
90312.0,7109.0
88435.0,6958.0
86617.0,6806.0
84737.0,6654.0
82849.0,6516.0
80922.0,6377.0
113999.0,8835.0
112136.0,8680.0
110301.0,8538.0
108523.0,8407.0
106628.0,8247.0
104660.0,8099.0
102818.0,7971.0
100979.0,7826.0
99125.0,7663.0
97354.0,7523.0
95536.0,7382.0
93654.0,7248.0
91796.0,7106.0
89863.0,6952.0
122819.0,9582.0
120922.0,9452.0
119065.0,9301.0
117272.0,9158.0
115388.0,9005.0
113487.0,8871.0
111598.0,8715.0
109698.0,8574.0
107711.0,8434.0
105851.0,8304.0
104020.0,8164.0
102210.0,8023.0
100297.0,7864.0
98419.0,7732.0
96603.0,7580.0
94783.0,7444.0
92926.0,7270.0
125982.0,9852.0
124186.0,9716.0
122376.0,9562.0
120554.0,9417.0
118673.0,9266.0
116762.0,9138.0
114954.0,9005.0
113056.0,8878.0
111191.0,8741.0
109264.0,8586.0
107377.0,8433.0
105498.0,8285.0
103681.0,8148.0
101823.0,7995.0
134913.0,10598.0
133098.0,10445.0
131197.0,10293.0
129375.0,10161.0
127525.0,10023.0
125617.0,9890.0
123705.0,9750.0
121830.0,9593.0
119987.0,9443.0
118176.0,9281.0
116340.0,9135.0
114443.0,8999.0
112573.0,8863.0
110692.0,8715.0
108786.0,8574.0
106940.0,8421.0
105088.0,8278.0
138451.0,10888.0
136558.0,10766.0
134694.0,10619.0
132833.0,10470.0
131004.0,10323.0
129136.0,10174.0
127245.0,10045.0
125390.0,9907.0
123552.0,9759.0
121697.0,9620.0
119789.0,9469.0
117885.0,9332.0
115994.0,9197.0
114099.0,9044.0
147380.0,11598.0
145520.0,11440.0
143708.0,11304.0
141830.0,11183.0
139934.0,11045.0
138120.0,10891.0
136211.0,10771.0
134388.0,10628.0
132550.0,10486.0
130751.0,10352.0
128836.0,10200.0
126910.0,10056.0
125084.0,9922.0
123183.0,9778.0
121281.0,9644.0
119430.0,9512.0
152638.0,11976.0
150740.0,11834.0
148900.0,11690.0
146980.0,11542.0
145106.0,11402.0
143263.0,11273.0
141461.0,11118.0
139576.0,10968.0
137697.0,10820.0
135828.0,10688.0
133991.0,10543.0
132198.0,10388.0
130351.0,10234.0
128482.0,10104.0
161672.0,12627.0
159754.0,12472.0
157857.0,12319.0
155962.0,12177.0
154136.0,12040.0
152212.0,11887.0
150388.0,11720.0
148494.0,11575.0
146623.0,11435.0
144810.0,11298.0
143009.0,11145.0
141125.0,10991.0
139339.0,10844.0
137382.0,10692.0
135476.0,10552.0
133573.0,10412.0
131698.0,10267.0
164733.0,12841.0
162898.0,12714.0
161048.0,12551.0
159196.0,12395.0
157448.0,12237.0
155549.0,12085.0
153689.0,11959.0
151955.0,11827.0
150141.0,11668.0
148239.0,11520.0
146521.0,11387.0
144682.0,11253.0
142863.0,11105.0
140992.0,10957.0
174121.0,13453.0
172287.0,13303.0
170433.0,13159.0
168572.0,13004.0
166735.0,12862.0
164863.0,12713.0
163006.0,12565.0
161090.0,12418.0
159258.0,12289.0
157374.0,12148.0
155462.0,11994.0
153599.0,11858.0
151724.0,11717.0
149861.0,11573.0
147986.0,11417.0
146097.0,11280.0
179102.0,13836.0
177240.0,13697.0
175389.0,13537.0
173499.0,13396.0
171604.0,13258.0
169774.0,13124.0
167804.0,12970.0
165875.0,12818.0
164011.0,12679.0
162116.0,12542.0
160229.0,12391.0
158189.0,12245.0
156269.0,12103.0
154366.0,11942.0
187555.0,14386.0
185632.0,14237.0
183758.0,14098.0
181832.0,13951.0
180014.0,13806.0
178097.0,13653.0
176255.0,13495.0
174360.0,13372.0
172497.0,13217.0
170596.0,13075.0
168710.0,12928.0
166881.0,12787.0
165075.0,12622.0
163196.0,12482.0
161301.0,12345.0
159446.0,12204.0
157537.0,12047.0
190837.0,14542.0
188930.0,14398.0
187056.0,14251.0
185220.0,14119.0
183305.0,13989.0
181440.0,13853.0
179545.0,13729.0
177690.0,13585.0
175888.0,13437.0
174014.0,13318.0
172061.0,13188.0
170168.0,13039.0
168323.0,12897.0
166456.0,12753.0
199568.0,15315.0
197726.0,15164.0
195911.0,15022.0
194125.0,14883.0
192288.0,14756.0
190405.0,14599.0
188481.0,14466.0
186633.0,14316.0
184755.0,14164.0
182981.0,14015.0
181120.0,13885.0
179236.0,13741.0
177396.0,13592.0
175588.0,13441.0
173704.0,13294.0
171855.0,13144.0
170006.0,13001.0
203435.0,15521.0
201564.0,15370.0
199692.0,15220.0
197737.0,15059.0
195917.0,14928.0
194011.0,14778.0
192134.0,14620.0
190236.0,14495.0
188375.0,14342.0
186502.0,14210.0
184755.0,14053.0
182948.0,13875.0
181146.0,13739.0
179306.0,13588.0
212390.0,16113.0
210487.0,15982.0
208656.0,15833.0
206760.0,15707.0
204935.0,15560.0
203131.0,15418.0
201221.0,15258.0
199309.0,15116.0
197509.0,14955.0
195711.0,14836.0
193853.0,14683.0
191944.0,14520.0
190092.0,14376.0
188183.0,14241.0
221566.0,16743.0
219678.0,16614.0
217811.0,16478.0
215926.0,16345.0
214074.0,16199.0
212211.0,16039.0
210354.0,15887.0
208440.0,15756.0
206544.0,15586.0
204682.0,15448.0
202848.0,15300.0
200955.0,15162.0
199094.0,15012.0
197150.0,14863.0
230369.0,17403.0
228514.0,17238.0
226659.0,17100.0
224762.0,16947.0
222966.0,16799.0
221163.0,16670.0
219249.0,16519.0
217473.0,16378.0
215639.0,16235.0
213724.0,16091.0
211808.0,15923.0
209927.0,15797.0
208074.0,15671.0
206216.0,15538.0
204304.0,15400.0
202483.0,15268.0
200640.0,15120.0
233923.0,17596.0
232046.0,17449.0
230147.0,17309.0
228272.0,17169.0
226389.0,17039.0
224534.0,16926.0
222597.0,16795.0
220762.0,16638.0
218979.0,16492.0
217050.0,16350.0
215155.0,16206.0
213250.0,16045.0
211305.0,15908.0
209435.0,15763.0
242416.0,18323.0
240521.0,18183.0
238622.0,18048.0
236791.0,17922.0
234955.0,17781.0
233047.0,17631.0
231170.0,17488.0
229302.0,17337.0
227429.0,17190.0
225518.0,17042.0
223696.0,16907.0
221757.0,16757.0
219819.0,16620.0
217887.0,16480.0
216063.0,16327.0
214267.0,16179.0
247082.0,18724.0
245225.0,18581.0
243292.0,18424.0
241434.0,18299.0
239579.0,18142.0
237692.0,17991.0
235889.0,17854.0
234076.0,17709.0
232207.0,17575.0
230362.0,17428.0
228441.0,17300.0
226633.0,17157.0
224742.0,16998.0
222809.0,16867.0
255901.0,19446.0
253997.0,19290.0
252125.0,19157.0
250292.0,19034.0
248476.0,18890.0
246571.0,18757.0
244711.0,18636.0
242810.0,18500.0
240941.0,18363.0
239105.0,18187.0
237238.0,18056.0
235395.0,17900.0
233522.0,17770.0
231667.0,17621.0
229762.0,17496.0
227940.0,17345.0
226061.0,17191.0
259141.0,19760.0
257276.0,19602.0
255377.0,19461.0
253449.0,19317.0
251513.0,19161.0
249659.0,19026.0
247793.0,18897.0
245873.0,18741.0
244082.0,18572.0
242228.0,18407.0
240382.0,18275.0
238419.0,18137.0
236534.0,17979.0
234609.0,17811.0
267945.0,20434.0
266093.0,20294.0
264238.0,20160.0
262406.0,20017.0
260507.0,19883.0
258636.0,19756.0
256816.0,19615.0
254939.0,19490.0
253120.0,19366.0
251229.0,19221.0
249371.0,19100.0
247544.0,18941.0
245751.0,18809.0
243945.0,18672.0
242068.0,18532.0
240126.0,18387.0
273139.0,20979.0
271342.0,20852.0
269543.0,20719.0
267688.0,20589.0
265790.0,20449.0
263882.0,20317.0
261991.0,20192.0
260156.0,20034.0
258268.0,19903.0
256388.0,19766.0
254495.0,19625.0
252691.0,19487.0
250781.0,19346.0
248906.0,19220.0
282475.0,21889.0
280669.0,21759.0
278767.0,21617.0
276848.0,21470.0
274982.0,21344.0
273177.0,21215.0
271267.0,21084.0
269355.0,20918.0
267436.0,20774.0
265562.0,20632.0
263661.0,20472.0
261725.0,20340.0
259789.0,20189.0
257947.0,20068.0
256070.0,19940.0
254236.0,19788.0
252340.0,19642.0
285500.0,22110.0
283671.0,21961.0
281782.0,21822.0
279869.0,21694.0
278012.0,21566.0
276151.0,21444.0
274370.0,21306.0
272656.0,21175.0
270818.0,21024.0
268992.0,20874.0
267141.0,20733.0
265333.0,20589.0
263493.0,20453.0
261605.0,20315.0
294820.0,22825.0
293015.0,22671.0
291106.0,22527.0
289203.0,22381.0
287328.0,22230.0
285511.0,22079.0
283592.0,21941.0
281740.0,21786.0
279863.0,21618.0
277988.0,21447.0
276057.0,21307.0
274160.0,21174.0
272300.0,21045.0
270433.0,20879.0
268570.0,20736.0
266748.0,20583.0
264803.0,20433.0
298246.0,22969.0
296353.0,22823.0
294544.0,22674.0
292644.0,22543.0
290797.0,22392.0
288910.0,22258.0
287051.0,22118.0
285163.0,21981.0
283324.0,21818.0
281424.0,21666.0
279595.0,21529.0
277728.0,21392.0
275841.0,21259.0
273964.0,21137.0
307097.0,23647.0
305180.0,23510.0
303310.0,23364.0
301345.0,23210.0
299448.0,23059.0
297480.0,22922.0
295570.0,22771.0
293622.0,22625.0
291755.0,22466.0
289905.0,22332.0
288028.0,22190.0
286206.0,22044.0
284387.0,21922.0
282587.0,21794.0
280791.0,21667.0
278912.0,21542.0
312253.0,24121.0
310414.0,23970.0
308580.0,23803.0
306743.0,23654.0
304873.0,23512.0
303025.0,23361.0
301173.0,23201.0
299209.0,23086.0
297323.0,22955.0
295487.0,22814.0
293664.0,22683.0
291788.0,22533.0
289911.0,22407.0
288138.0,22269.0
321483.0,24893.0
319584.0,24769.0
317714.0,24653.0
315803.0,24497.0
313912.0,24362.0
312087.0,24221.0
310239.0,24064.0
308375.0,23913.0
306417.0,23800.0
304537.0,23633.0
302728.0,23482.0
300908.0,23349.0
299060.0,23218.0
297171.0,23057.0
295302.0,22921.0
293472.0,22780.0
291524.0,22647.0
324686.0,25149.0
322868.0,25001.0
320952.0,24853.0
319042.0,24698.0
317157.0,24532.0
315300.0,24372.0
313410.0,24224.0
311571.0,24095.0
309697.0,23952.0
307896.0,23809.0
306045.0,23668.0
304139.0,23510.0
302306.0,23367.0
300336.0,23211.0
333490.0,25827.0
331634.0,25680.0
329699.0,25546.0
327846.0,25402.0
325930.0,25277.0
324052.0,25134.0
322198.0,24997.0
320255.0,24843.0
318408.0,24705.0
316537.0,24547.0
314779.0,24412.0
312945.0,24268.0
311127.0,24129.0
309271.0,23989.0
307377.0,23842.0
305537.0,23708.0
338664.0,26266.0
336736.0,26120.0
334934.0,25971.0
333043.0,25823.0
331118.0,25692.0
329220.0,25570.0
327424.0,25416.0
325562.0,25276.0
323624.0,25131.0
321741.0,24998.0
319898.0,24849.0
318073.0,24724.0
316221.0,24604.0
314358.0,24462.0
347701.0,27081.0
345837.0,26945.0
343907.0,26813.0
342071.0,26668.0
340175.0,26531.0
338363.0,26391.0
336576.0,26237.0
334761.0,26054.0
332849.0,25901.0
330976.0,25760.0
329140.0,25625.0
327327.0,25487.0
325505.0,25337.0
323589.0,25203.0
321659.0,25062.0
319829.0,24940.0
317972.0,24803.0
351625.0,27404.0
349774.0,27258.0
347902.0,27109.0
346079.0,26968.0
344243.0,26849.0
342357.0,26720.0
340432.0,26557.0
338463.0,26433.0
336576.0,26300.0
334635.0,26172.0
332777.0,26035.0
330912.0,25888.0
329031.0,25770.0
327199.0,25588.0
360246.0,28129.0
358318.0,27976.0
356414.0,27813.0
354588.0,27664.0
352791.0,27517.0
350900.0,27375.0
348993.0,27233.0
347123.0,27091.0
345279.0,26966.0
343406.0,26834.0
341529.0,26689.0
339661.0,26559.0
337858.0,26412.0
335995.0,26286.0
334143.0,26135.0
332260.0,25994.0
330414.0,25837.0
363718.0,28367.0
361882.0,28228.0
360020.0,28081.0
358119.0,27934.0
356245.0,27799.0
354309.0,27642.0
352395.0,27505.0
350508.0,27355.0
348687.0,27231.0
346840.0,27076.0
344996.0,26919.0
343149.0,26777.0
341217.0,26635.0
339330.0,26496.0
372832.0,28996.0
370987.0,28832.0
369096.0,28686.0
367263.0,28515.0
365377.0,28384.0
363405.0,28255.0
361561.0,28121.0
359591.0,27972.0
357692.0,27845.0
355782.0,27680.0
353903.0,27530.0
352033.0,27403.0
350165.0,27261.0
348380.0,27122.0
346423.0,26988.0
379623.0,29539.0
377725.0,29402.0
375881.0,29269.0
374018.0,29134.0
372149.0,28991.0
370293.0,28833.0
368451.0,28687.0
366541.0,28539.0
364668.0,28397.0
362824.0,28254.0
360961.0,28106.0
359043.0,27947.0
357187.0,27796.0
355279.0,27659.0
388320.0,30221.0
386469.0,30090.0
384568.0,29943.0
382713.0,29792.0
380814.0,29640.0
378963.0,29499.0
377134.0,29356.0
375293.0,29202.0
373441.0,29051.0
371518.0,28897.0
369576.0,28736.0
367590.0,28599.0
365752.0,28472.0
363973.0,28320.0
362030.0,28181.0
360239.0,28020.0
358355.0,27879.0
391375.0,30461.0
389491.0,30313.0
387588.0,30153.0
385712.0,30010.0
383900.0,29862.0
382027.0,29747.0
380254.0,29588.0
378423.0,29461.0
376629.0,29322.0
374804.0,29190.0
372967.0,29051.0
371066.0,28917.0
369232.0,28759.0
367399.0,28613.0
400447.0,31120.0
398639.0,30982.0
396695.0,30839.0
394751.0,30697.0
392924.0,30543.0
391113.0,30392.0
389193.0,30243.0
387408.0,30107.0
385521.0,29937.0
383709.0,29782.0
381840.0,29636.0
380021.0,29496.0
378199.0,29350.0
376289.0,29222.0
374411.0,29063.0
372502.0,28915.0
405386.0,31454.0
403521.0,31320.0
401668.0,31185.0
399783.0,31035.0
397873.0,30903.0
395946.0,30746.0
394100.0,30596.0
392327.0,30450.0
390438.0,30298.0
388578.0,30168.0
386679.0,30022.0
384858.0,29883.0
382984.0,29720.0
381154.0,29577.0
414170.0,32165.0
412269.0,32029.0
410354.0,31898.0
408590.0,31756.0
406756.0,31614.0
404841.0,31442.0
402922.0,31284.0
401037.0,31162.0
399144.0,31008.0
397281.0,30866.0
395497.0,30716.0
393589.0,30565.0
391741.0,30408.0
389930.0,30286.0
388114.0,30141.0
386181.0,30007.0
384282.0,29864.0
417082.0,32444.0
415278.0,32295.0
413455.0,32150.0
411567.0,32016.0
409682.0,31888.0
407775.0,31752.0
405879.0,31593.0
404010.0,31472.0
402125.0,31341.0
400293.0,31171.0
398433.0,31041.0
396521.0,30907.0
394655.0,30770.0
392763.0,30610.0
425784.0,33203.0
423904.0,33058.0
422021.0,32930.0
420123.0,32780.0
418244.0,32645.0
416421.0,32497.0
414536.0,32366.0
412671.0,32215.0
410773.0,32061.0
408890.0,31933.0
406986.0,31803.0
405064.0,31664.0
403226.0,31492.0
401386.0,31358.0
399426.0,31201.0
397537.0,31082.0
430569.0,33696.0
428663.0,33540.0
426740.0,33381.0
424896.0,33255.0
423063.0,33117.0
421268.0,32965.0
419336.0,32825.0
417445.0,32692.0
415548.0,32562.0
413748.0,32407.0
411954.0,32274.0
410070.0,32161.0
408174.0,32032.0
406289.0,31889.0
439491.0,34423.0
437572.0,34270.0
435677.0,34112.0
433814.0,33984.0
431896.0,33852.0
430013.0,33720.0
428109.0,33573.0
426207.0,33453.0
424282.0,33300.0
422387.0,33168.0
420519.0,33007.0
418617.0,32873.0
416677.0,32742.0
414814.0,32603.0
413010.0,32450.0
411092.0,32300.0
409171.0,32161.0
442159.0,34700.0
440312.0,34555.0
438497.0,34426.0
436614.0,34291.0
434726.0,34167.0
432770.0,34020.0
430926.0,33877.0
429087.0,33742.0
427173.0,33598.0
425297.0,33444.0
423441.0,33318.0
421561.0,33178.0
419677.0,33053.0
417822.0,32929.0
451243.0,35456.0
449348.0,35295.0
447489.0,35124.0
445620.0,34959.0
443672.0,34803.0
441847.0,34672.0
439972.0,34535.0
438093.0,34398.0
436146.0,34258.0
434263.0,34100.0
432385.0,33945.0
430459.0,33809.0
428608.0,33678.0
426740.0,33523.0
424915.0,33412.0
423092.0,33285.0
421247.0,33134.0
454225.0,35693.0
452450.0,35546.0
450584.0,35415.0
448714.0,35276.0
446799.0,35140.0
444975.0,34983.0
443111.0,34848.0
441308.0,34701.0
439431.0,34545.0
437488.0,34404.0
435622.0,34277.0
433775.0,34134.0
431863.0,33999.0
429980.0,33854.0
463203.0,36486.0
461295.0,36351.0
459436.0,36212.0
457476.0,36066.0
455599.0,35924.0
453727.0,35775.0
451881.0,35619.0
449998.0,35483.0
448118.0,35329.0
446210.0,35202.0
444346.0,35060.0
442409.0,34929.0
440555.0,34787.0
438664.0,34669.0
436789.0,34501.0
434936.0,34366.0
467754.0,37021.0
465897.0,36887.0
463975.0,36750.0
462108.0,36584.0
460257.0,36415.0
458461.0,36291.0
456626.0,36138.0
454735.0,35993.0
452801.0,35862.0
450930.0,35749.0
449033.0,35610.0
447223.0,35461.0
445292.0,35320.0
443388.0,35185.0
476591.0,37777.0
474740.0,37618.0
472861.0,37480.0
470927.0,37326.0
469049.0,37198.0
467117.0,37064.0
465231.0,36931.0
463373.0,36798.0
461518.0,36665.0
459624.0,36536.0
457789.0,36402.0
455989.0,36275.0
454075.0,36145.0
452207.0,35997.0
450348.0,35844.0
448475.0,35704.0
446606.0,35586.0
479821.0,38134.0
477899.0,37999.0
475987.0,37863.0
474093.0,37714.0
472189.0,37571.0
470330.0,37424.0
468443.0,37290.0
466593.0,37156.0
464656.0,37025.0
462838.0,36891.0
461083.0,36733.0
459125.0,36583.0
457277.0,36437.0
455352.0,36307.0
488301.0,38895.0
486438.0,38747.0
484597.0,38605.0
482742.0,38481.0
480890.0,38340.0
479045.0,38201.0
477173.0,38043.0
475275.0,37912.0
473470.0,37767.0
471542.0,37617.0
469644.0,37495.0
467809.0,37340.0
465900.0,37205.0
463967.0,37052.0
462143.0,36888.0
460264.0,36762.0
493187.0,39303.0
491355.0,39158.0
489539.0,39024.0
487654.0,38880.0
485799.0,38754.0
483906.0,38609.0
482030.0,38450.0
480199.0,38303.0
478383.0,38149.0
476555.0,37995.0
474664.0,37840.0
472831.0,37690.0
470912.0,37577.0
469013.0,37426.0
502121.0,40087.0
500273.0,39952.0
498461.0,39803.0
496569.0,39666.0
494634.0,39527.0
492841.0,39362.0
490996.0,39225.0
489119.0,39088.0
487235.0,38937.0
485285.0,38788.0
483392.0,38659.0
481514.0,38533.0
479647.0,38394.0
477777.0,38243.0
475858.0,38100.0
474033.0,37961.0
472233.0,37806.0
505297.0,40406.0
503423.0,40250.0
501596.0,40132.0
499680.0,39994.0
497821.0,39836.0
495920.0,39697.0
494050.0,39555.0
492191.0,39399.0
490357.0,39251.0
488488.0,39124.0
486585.0,38996.0
484740.0,38841.0
482894.0,38724.0
481084.0,38578.0
514382.0,41103.0
512572.0,40968.0
510756.0,40844.0
508891.0,40702.0
507074.0,40555.0
505222.0,40417.0
503338.0,40272.0
501451.0,40127.0
499575.0,40002.0
497661.0,39821.0
495854.0,39688.0
493957.0,39543.0
492131.0,39403.0
490304.0,39266.0
488342.0,39129.0
486583.0,38980.0
484687.0,38843.0
517958.0,41444.0
516038.0,41302.0
514160.0,41171.0
512240.0,41014.0
510336.0,40873.0
508555.0,40732.0
506738.0,40580.0
504868.0,40406.0
502989.0,40275.0
501115.0,40113.0
499263.0,39972.0
497352.0,39833.0
495504.0,39679.0
493625.0,39547.0
526893.0,42057.0
525036.0,41915.0
523160.0,41769.0
521308.0,41636.0
519466.0,41484.0
517579.0,41349.0
515713.0,41229.0
513808.0,41068.0
511883.0,40940.0
509996.0,40790.0
508105.0,40640.0
506313.0,40503.0
504451.0,40378.0
502577.0,40234.0
535737.0,42845.0
533930.0,42712.0
532049.0,42581.0
530214.0,42434.0
528271.0,42270.0
526333.0,42116.0
524511.0,41996.0
522590.0,41854.0
520759.0,41698.0
518884.0,41565.0
517049.0,41416.0
515201.0,41265.0
513406.0,41119.0
511565.0,40995.0
544596.0,43533.0
542767.0,43403.0
540878.0,43276.0
538943.0,43131.0
537122.0,42974.0
535314.0,42850.0
533478.0,42679.0
531669.0,42536.0
529796.0,42373.0
527937.0,42221.0
526099.0,42079.0
524217.0,41935.0
522385.0,41795.0
520459.0,41655.0
518576.0,41505.0
516744.0,41356.0
514914.0,41210.0
548108.0,43697.0
546167.0,43558.0
544248.0,43418.0
542342.0,43260.0
540432.0,43112.0
538597.0,42955.0
536721.0,42808.0
534782.0,42672.0
532834.0,42520.0
531005.0,42374.0
529098.0,42218.0
527230.0,42082.0
525394.0,41951.0
523525.0,41816.0
556689.0,44472.0
554886.0,44343.0
553035.0,44190.0
551195.0,44021.0
549250.0,43863.0
547373.0,43712.0
545560.0,43557.0
543650.0,43404.0
541798.0,43269.0
539986.0,43111.0
538111.0,42971.0
536228.0,42809.0
534397.0,42676.0
532533.0,42519.0
530682.0,42369.0
528775.0,42200.0
561773.0,44746.0
559896.0,44608.0
558009.0,44459.0
556140.0,44309.0
554296.0,44179.0
552420.0,44012.0
550464.0,43849.0
548645.0,43713.0
546753.0,43575.0
544838.0,43425.0
542957.0,43284.0
540932.0,43126.0
539128.0,42987.0
537268.0,42856.0
570216.0,45473.0
568373.0,45335.0
566553.0,45199.0
564673.0,45069.0
562827.0,44929.0
560971.0,44792.0
559060.0,44643.0
557173.0,44496.0
555316.0,44365.0
553467.0,44237.0
551633.0,44082.0
549798.0,43949.0
547959.0,43809.0
546184.0,43679.0
544279.0,43526.0
542362.0,43401.0
540475.0,43252.0
573316.0,45773.0
571441.0,45634.0
569488.0,45497.0
567554.0,45369.0
565711.0,45209.0
563873.0,45057.0
561978.0,44922.0
560143.0,44791.0
558298.0,44648.0
556413.0,44519.0
554524.0,44379.0
552616.0,44243.0
550754.0,44077.0
548864.0,43925.0
582059.0,46337.0
580195.0,46195.0
578356.0,46040.0
576466.0,45906.0
574554.0,45778.0
572763.0,45633.0
570927.0,45504.0
569082.0,45351.0
567253.0,45196.0
565363.0,45046.0
563455.0,44894.0
561642.0,44762.0
559819.0,44614.0
557932.0,44474.0
556030.0,44329.0
554111.0,44185.0
587250.0,46711.0
585307.0,46559.0
583444.0,46400.0
581575.0,46269.0
579708.0,46144.0
577849.0,46022.0
575986.0,45868.0
574109.0,45717.0
572210.0,45578.0
570386.0,45408.0
568458.0,45267.0
566631.0,45128.0
564721.0,44980.0
562865.0,44820.0
595927.0,47291.0
594092.0,47156.0
592249.0,47021.0
590359.0,46863.0
588523.0,46710.0
586666.0,46573.0
584729.0,46439.0
582940.0,46303.0
581078.0,46149.0
579217.0,45993.0
577390.0,45860.0
575578.0,45727.0
573805.0,45587.0
571928.0,45446.0
570055.0,45304.0
568091.0,45159.0
566241.0,44981.0
599689.0,47463.0
597900.0,47320.0
595999.0,47180.0
594147.0,47032.0
592247.0,46859.0
590350.0,46712.0
588487.0,46568.0
586628.0,46410.0
584721.0,46247.0
582859.0,46108.0
580959.0,45949.0
579081.0,45812.0
577191.0,45654.0
575227.0,45499.0
608193.0,48047.0
606333.0,47899.0
604426.0,47740.0
602502.0,47600.0
600663.0,47430.0
598802.0,47280.0
596934.0,47145.0
595057.0,46997.0
593150.0,46860.0
591312.0,46720.0
589463.0,46591.0
587562.0,46438.0
585642.0,46289.0
583796.0,46153.0
581914.0,45997.0
580119.0,45861.0
578215.0,45724.0
611781.0,48277.0
609983.0,48126.0
608141.0,47990.0
606255.0,47833.0
604388.0,47705.0
602576.0,47562.0
600741.0,47431.0
598847.0,47276.0
596921.0,47139.0
595061.0,47012.0
593127.0,46870.0
591262.0,46720.0
589412.0,46581.0
587549.0,46443.0
620456.0,49040.0
618600.0,48894.0
616692.0,48753.0
614834.0,48623.0
612989.0,48479.0
611077.0,48346.0
609198.0,48195.0
607346.0,48061.0
605366.0,47905.0
603492.0,47747.0
601635.0,47620.0
599805.0,47478.0
597954.0,47345.0
596048.0,47224.0
594171.0,47077.0
592346.0,46939.0
625287.0,49455.0
623386.0,49292.0
621443.0,49159.0
619699.0,49038.0
617685.0,48911.0
615777.0,48757.0
613911.0,48608.0
611983.0,48456.0
610052.0,48312.0
608189.0,48151.0
606316.0,48017.0
604415.0,47887.0
602561.0,47749.0
600659.0,47609.0
633659.0,50124.0
631778.0,49979.0
629950.0,49854.0
628103.0,49724.0
626191.0,49576.0
624355.0,49437.0
622424.0,49294.0
620579.0,49162.0
618676.0,49005.0
616869.0,48834.0
615030.0,48682.0
613262.0,48528.0
611349.0,48374.0
609447.0,48226.0
607545.0,48075.0
605661.0,47920.0
603808.0,47783.0
637092.0,50386.0
635223.0,50238.0
633323.0,50107.0
631418.0,49967.0
629552.0,49818.0
627706.0,49668.0
625874.0,49515.0
624002.0,49377.0
622121.0,49244.0
620286.0,49120.0
618342.0,48991.0
616489.0,48858.0
614638.0,48703.0
612837.0,48570.0
645580.0,51164.0
643748.0,51029.0
641804.0,50880.0
639934.0,50730.0
638088.0,50583.0
636230.0,50442.0
634376.0,50313.0
632556.0,50175.0
630714.0,50037.0
628817.0,49914.0
626983.0,49780.0
625119.0,49658.0
623209.0,49521.0
621363.0,49386.0
619466.0,49215.0
617672.0,49061.0
650700.0,51588.0
648765.0,51442.0
646845.0,51309.0
644987.0,51168.0
643163.0,51029.0
641275.0,50899.0
639412.0,50761.0
637590.0,50608.0
635642.0,50477.0
633782.0,50343.0
631891.0,50207.0
630028.0,50058.0
628185.0,49923.0
626411.0,49755.0
659603.0,52350.0
657769.0,52222.0
655902.0,52071.0
653991.0,51919.0
652237.0,51762.0
650316.0,51605.0
648383.0,51458.0
646532.0,51326.0
644612.0,51175.0
642662.0,51047.0
640740.0,50891.0
638848.0,50743.0
636985.0,50601.0
635094.0,50465.0
633224.0,50317.0
631309.0,50172.0
629439.0,50000.0
662661.0,52424.0
660831.0,52280.0
658993.0,52125.0
657104.0,51981.0
655158.0,51838.0
653224.0,51698.0
651401.0,51560.0
649470.0,51409.0
647672.0,51256.0
645843.0,51088.0
643976.0,50941.0
642141.0,50787.0
640223.0,50622.0
638380.0,50477.0
671631.0,53026.0
669751.0,52891.0
667891.0,52727.0
665953.0,52576.0
664016.0,52440.0
662192.0,52308.0
660378.0,52175.0
658536.0,52016.0
656597.0,51884.0
654791.0,51732.0
652886.0,51576.0
651059.0,51437.0
649278.0,51297.0
647408.0,51145.0
645526.0,51015.0
643586.0,50870.0
641718.0,50737.0
674593.0,53316.0
672713.0,53194.0
670824.0,53036.0
668970.0,52872.0
667036.0,52727.0
665142.0,52565.0
663244.0,52420.0
661343.0,52274.0
659527.0,52137.0
657670.0,51985.0
655783.0,51839.0
653928.0,51696.0
652138.0,51540.0
650296.0,51393.0
683562.0,53978.0
681655.0,53832.0
679828.0,53694.0
677936.0,53572.0
676073.0,53418.0
674165.0,53284.0
672325.0,53156.0
670467.0,52995.0
668567.0,52847.0
666675.0,52707.0
664784.0,52563.0
662923.0,52413.0
661058.0,52287.0
659197.0,52135.0
692492.0,54670.0
690560.0,54522.0
688674.0,54397.0
686897.0,54225.0
685005.0,54095.0
683024.0,53950.0
681094.0,53806.0
679188.0,53654.0
677354.0,53517.0
675453.0,53391.0
673546.0,53226.0
671725.0,53070.0
669877.0,52957.0
668060.0,52802.0
701189.0,55324.0
699288.0,55172.0
697454.0,55019.0
695594.0,54889.0
693777.0,54743.0
691964.0,54612.0
690167.0,54459.0
688301.0,54314.0
686358.0,54164.0
684428.0,54020.0
682564.0,53890.0
680687.0,53759.0
678786.0,53606.0
676889.0,53459.0
675052.0,53301.0
673227.0,53151.0
671349.0,53000.0
704638.0,55516.0
702739.0,55366.0
700891.0,55231.0
699033.0,55084.0
697199.0,54923.0
695375.0,54782.0
693474.0,54639.0
691557.0,54506.0
689678.0,54372.0
687834.0,54229.0
685995.0,54079.0
684085.0,53924.0
682222.0,53772.0
680375.0,53624.0
713467.0,56131.0
711656.0,55991.0
709729.0,55848.0
707830.0,55714.0
705986.0,55584.0
704066.0,55436.0
702180.0,55290.0
700296.0,55143.0
698444.0,55003.0
696528.0,54862.0
694619.0,54721.0
692817.0,54568.0
690939.0,54443.0
689087.0,54305.0
687296.0,54165.0
685418.0,54018.0
718699.0,56543.0
716815.0,56405.0
714897.0,56269.0
713002.0,56134.0
711141.0,56000.0
709234.0,55865.0
707384.0,55718.0
705501.0,55568.0
703589.0,55420.0
701785.0,55285.0
699960.0,55130.0
698117.0,54980.0
696264.0,54838.0
694388.0,54717.0
727272.0,57324.0
725450.0,57169.0
723633.0,57043.0
721776.0,56891.0
719979.0,56757.0
718178.0,56613.0
716281.0,56463.0
714426.0,56306.0
712594.0,56152.0
710731.0,56008.0
708841.0,55870.0
706991.0,55712.0
705158.0,55580.0
703301.0,55432.0
701423.0,55238.0
699567.0,55083.0
697772.0,54931.0
730932.0,57440.0
729182.0,57284.0
727303.0,57152.0
725499.0,57013.0
723641.0,56865.0
721784.0,56714.0
719918.0,56571.0
718074.0,56426.0
716250.0,56284.0
714390.0,56159.0
712522.0,56015.0
710694.0,55891.0
708854.0,55754.0
707027.0,55584.0
740380.0,58111.0
738498.0,57949.0
736713.0,57788.0
734828.0,57644.0
732964.0,57501.0
731182.0,57334.0
729266.0,57202.0
727363.0,57046.0
725465.0,56919.0
723625.0,56789.0
721657.0,56647.0
719853.0,56518.0
718025.0,56405.0
716125.0,56272.0
714266.0,56146.0
712470.0,56021.0
745512.0,58554.0
743687.0,58419.0
741875.0,58271.0
739976.0,58109.0
738026.0,57975.0
736192.0,57816.0
734344.0,57650.0
732496.0,57503.0
730710.0,57349.0
728795.0,57188.0
726958.0,57039.0
725109.0,56890.0
723271.0,56737.0
721449.0,56592.0
754338.0,59141.0
752469.0,59002.0
750569.0,58859.0
748701.0,58705.0
746935.0,58595.0
744956.0,58461.0
743103.0,58316.0
741242.0,58164.0
739335.0,58024.0
737501.0,57904.0
735568.0,57757.0
733745.0,57629.0
731810.0,57495.0
729775.0,57359.0
727911.0,57224.0
726121.0,57051.0
724250.0,56923.0
757331.0,59369.0
755505.0,59210.0
753701.0,59080.0
751855.0,58934.0
749905.0,58809.0
747971.0,58645.0
746120.0,58503.0
744295.0,58385.0
742463.0,58245.0
740538.0,58090.0
738658.0,57956.0
736705.0,57810.0
734879.0,57668.0
732992.0,57530.0
766082.0,60102.0
764236.0,59940.0
762358.0,59799.0
760476.0,59668.0
758604.0,59514.0
756711.0,59335.0
754873.0,59180.0
753050.0,59021.0
751161.0,58870.0
749270.0,58744.0
747432.0,58597.0
745509.0,58451.0
743645.0,58320.0
741814.0,58194.0
739936.0,58060.0
738101.0,57925.0
736221.0,57784.0
769458.0,60342.0
767589.0,60196.0
765751.0,60049.0
763879.0,59912.0
761957.0,59767.0
760092.0,59608.0
758269.0,59488.0
756402.0,59349.0
754614.0,59189.0
752742.0,59035.0
750832.0,58893.0
749023.0,58739.0
747181.0,58576.0
745308.0,58431.0
778653.0,60975.0
776783.0,60840.0
774828.0,60710.0
773013.0,60556.0
771107.0,60435.0
769208.0,60284.0
767430.0,60126.0
765548.0,59981.0
763761.0,59837.0
761966.0,59701.0
760092.0,59545.0
758267.0,59406.0
756472.0,59265.0
754585.0,59114.0
752808.0,58974.0
750932.0,58824.0
783958.0,61397.0
782107.0,61274.0
780223.0,61131.0
778338.0,60983.0
776436.0,60826.0
774596.0,60674.0
772717.0,60540.0
770838.0,60418.0
768995.0,60290.0
767187.0,60149.0
765342.0,60014.0
763455.0,59841.0
761616.0,59708.0
759707.0,59559.0
792672.0,62068.0
790687.0,61926.0
788865.0,61772.0
787013.0,61629.0
785197.0,61515.0
783298.0,61375.0
781458.0,61217.0
779557.0,61057.0
777700.0,60899.0
775906.0,60735.0
774094.0,60596.0
772182.0,60450.0
770247.0,60312.0
768336.0,60176.0
766490.0,60032.0
764607.0,59890.0
762761.0,59745.0
795952.0,62294.0
794109.0,62149.0
792287.0,62011.0
790500.0,61870.0
788639.0,61719.0
786775.0,61568.0
784929.0,61436.0
783013.0,61294.0
781110.0,61182.0
779271.0,61045.0
777365.0,60893.0
775510.0,60752.0
773587.0,60607.0
771746.0,60467.0
804858.0,62936.0
803104.0,62789.0
801266.0,62659.0
799365.0,62514.0
797496.0,62369.0
795627.0,62223.0
793780.0,62067.0
792019.0,61904.0
790154.0,61765.0
788252.0,61605.0
786368.0,61460.0
784518.0,61341.0
782644.0,61177.0
780763.0,61032.0
778856.0,60898.0
777056.0,60781.0
810115.0,63342.0
808204.0,63199.0
806350.0,63062.0
804556.0,62940.0
802750.0,62802.0
800897.0,62664.0
798996.0,62489.0
797190.0,62328.0
795312.0,62165.0
793503.0,62037.0
791620.0,61867.0
789793.0,61733.0
787956.0,61559.0
786127.0,61421.0
819207.0,63859.0
817273.0,63713.0
815399.0,63565.0
813582.0,63424.0
811666.0,63288.0
809842.0,63136.0
807926.0,63001.0
805983.0,62869.0
804042.0,62726.0
802100.0,62572.0
800230.0,62423.0
798261.0,62276.0
796398.0,62127.0
794535.0,61981.0
792657.0,61831.0
790828.0,61660.0
788933.0,61520.0
821961.0,64110.0
820058.0,63955.0
818160.0,63790.0
816299.0,63641.0
814321.0,63496.0
812398.0,63358.0
810531.0,63197.0
808612.0,63050.0
806886.0,62883.0
804985.0,62747.0
803089.0,62607.0
801178.0,62470.0
799314.0,62335.0
797500.0,62193.0
830469.0,64767.0
828600.0,64633.0
826670.0,64486.0
824796.0,64355.0
822883.0,64209.0
820950.0,64083.0
819085.0,63932.0
817161.0,63803.0
815287.0,63651.0
813446.0,63512.0
811587.0,63363.0
809751.0,63234.0
807838.0,63084.0
805990.0,62935.0
804072.0,62806.0
802198.0,62664.0
800234.0,62535.0
833622.0,65085.0
831820.0,64954.0
829952.0,64792.0
828094.0,64637.0
826234.0,64473.0
824380.0,64325.0
822484.0,64184.0
820607.0,64018.0
818756.0,63883.0
816896.0,63729.0
814987.0,63600.0
813081.0,63438.0
811210.0,63263.0
809369.0,63128.0
842721.0,65541.0
840868.0,65424.0
839045.0,65272.0
837168.0,65132.0
835222.0,64987.0
833394.0,64845.0
831557.0,64717.0
829708.0,64569.0
827887.0,64435.0
825993.0,64281.0
824066.0,64135.0
822235.0,64003.0
820270.0,63855.0
818412.0,63706.0
851312.0,66228.0
849499.0,66091.0
847623.0,65937.0
845800.0,65794.0
843991.0,65662.0
842147.0,65533.0
840232.0,65375.0
838386.0,65230.0
836593.0,65093.0
834709.0,64934.0
832866.0,64811.0
831036.0,64695.0
829176.0,64563.0
827262.0,64419.0
860481.0,66891.0
858664.0,66744.0
856841.0,66617.0
854911.0,66461.0
853087.0,66323.0
851259.0,66163.0
849350.0,66024.0
847514.0,65881.0
845636.0,65727.0
843787.0,65573.0
841966.0,65423.0
840011.0,65288.0
838092.0,65130.0
836197.0,64993.0
834332.0,64836.0
832372.0,64682.0
830502.0,64551.0
863629.0,67114.0
861773.0,66969.0
859887.0,66826.0
858021.0,66683.0
856142.0,66544.0
854317.0,66392.0
852508.0,66242.0
850678.0,66092.0
848818.0,65966.0
846893.0,65812.0
845058.0,65682.0
843190.0,65557.0
841330.0,65405.0
839474.0,65252.0
872967.0,67850.0
871121.0,67698.0
869278.0,67548.0
867474.0,67423.0
865630.0,67277.0
863762.0,67143.0
861901.0,66978.0
860001.0,66848.0
858053.0,66698.0
856235.0,66553.0
854420.0,66400.0
852502.0,66240.0
850584.0,66102.0
848784.0,65957.0
846895.0,65813.0
844994.0,65643.0
878268.0,68217.0
876396.0,68057.0
874556.0,67899.0
872691.0,67739.0
870786.0,67599.0
868881.0,67452.0
867014.0,67319.0
865125.0,67184.0
863291.0,67052.0
861353.0,66891.0
859486.0,66770.0
857560.0,66641.0
855751.0,66491.0
853892.0,66334.0
887427.0,68957.0
885500.0,68817.0
883640.0,68693.0
881747.0,68566.0
879909.0,68409.0
878026.0,68268.0
876175.0,68126.0
874286.0,67961.0
872451.0,67823.0
870545.0,67679.0
868680.0,67554.0
866815.0,67433.0
864920.0,67290.0
863084.0,67150.0
861231.0,67001.0
859388.0,66871.0
857443.0,66756.0
890384.0,69330.0
888516.0,69181.0
886625.0,69039.0
884728.0,68880.0
882851.0,68725.0
880928.0,68582.0
879039.0,68420.0
877131.0,68284.0
875249.0,68156.0
873367.0,68032.0
871488.0,67889.0
869641.0,67754.0
867775.0,67593.0
865901.0,67465.0
899087.0,70039.0
897216.0,69908.0
895298.0,69771.0
893450.0,69632.0
891555.0,69487.0
889794.0,69366.0
887879.0,69219.0
886037.0,69088.0
884151.0,68959.0
882277.0,68818.0
880484.0,68654.0
878722.0,68507.0
876851.0,68358.0
874994.0,68222.0
873083.0,68063.0
871281.0,67922.0
904605.0,70427.0
902719.0,70272.0
900866.0,70133.0
898944.0,69980.0
897129.0,69838.0
895250.0,69690.0
893363.0,69548.0
891455.0,69414.0
889579.0,69269.0
887684.0,69137.0
885849.0,68997.0
884020.0,68848.0
882096.0,68715.0
880169.0,68570.0
913414.0,71104.0
911560.0,70968.0
909642.0,70837.0
907725.0,70700.0
905871.0,70577.0
904054.0,70432.0
902143.0,70287.0
900337.0,70138.0
898458.0,70009.0
896595.0,69868.0
894715.0,69738.0
892883.0,69597.0
890988.0,69437.0
889152.0,69288.0
887238.0,69142.0
885367.0,68993.0
883567.0,68859.0
916594.0,71426.0
914759.0,71290.0
912855.0,71149.0
911022.0,71026.0
909130.0,70881.0
907248.0,70748.0
905415.0,70610.0
903572.0,70463.0
901756.0,70310.0
899915.0,70154.0
898102.0,70002.0
896207.0,69843.0
894290.0,69699.0
892416.0,69564.0
925412.0,72014.0
923625.0,71874.0
921666.0,71733.0
919797.0,71578.0
917899.0,71452.0
916028.0,71300.0
914149.0,71175.0
912281.0,71018.0
910378.0,70891.0
908499.0,70723.0
906576.0,70580.0
904763.0,70443.0
902907.0,70293.0
900985.0,70138.0
899069.0,70013.0
897204.0,69868.0
895386.0,69736.0
928700.0,72246.0
926897.0,72118.0
925046.0,71970.0
923207.0,71821.0
921368.0,71676.0
919514.0,71542.0
917680.0,71405.0
915768.0,71272.0
913821.0,71124.0
911914.0,70994.0
909998.0,70865.0
908146.0,70723.0
906224.0,70562.0
904257.0,70418.0
937563.0,72915.0
935731.0,72787.0
933819.0,72643.0
931850.0,72499.0
929940.0,72350.0
928044.0,72215.0
926145.0,72084.0
924219.0,71922.0
922339.0,71775.0
920380.0,71643.0
918574.0,71491.0
916683.0,71344.0
914820.0,71204.0
912906.0,71059.0
911053.0,70935.0
909186.0,70796.0
942216.0,73281.0
940378.0,73140.0
938563.0,72989.0
936760.0,72839.0
934892.0,72681.0
933002.0,72545.0
931157.0,72391.0
929225.0,72250.0
927398.0,72115.0
925504.0,71983.0
923580.0,71841.0
921663.0,71689.0
919722.0,71547.0
917868.0,71407.0
950611.0,74011.0
948726.0,73854.0
946800.0,73708.0
944878.0,73546.0
942991.0,73391.0
941124.0,73267.0
939278.0,73119.0
937368.0,72974.0
935446.0,72819.0
933589.0,72680.0
931747.0,72557.0
929844.0,72408.0
927988.0,72261.0
926177.0,72106.0
924359.0,71949.0
922558.0,71822.0
920745.0,71690.0
954173.0,74302.0
952347.0,74146.0
950501.0,74023.0
948611.0,73898.0
946758.0,73751.0
944887.0,73591.0
943005.0,73474.0
941101.0,73331.0
939225.0,73198.0
937368.0,73057.0
935442.0,72878.0
933572.0,72752.0
931699.0,72597.0
929856.0,72451.0
962915.0,74983.0
961042.0,74855.0
959189.0,74712.0
957379.0,74574.0
955478.0,74424.0
953580.0,74296.0
951711.0,74154.0
949813.0,74007.0
947934.0,73868.0
946087.0,73737.0
944221.0,73586.0
942347.0,73458.0
940472.0,73334.0
938611.0,73200.0
936748.0,73062.0
934907.0,72913.0
967884.0,75410.0
966010.0,75273.0
964075.0,75123.0
962267.0,74968.0
960400.0,74835.0
958566.0,74691.0
956691.0,74542.0
954754.0,74388.0
952934.0,74245.0
951052.0,74103.0
949185.0,73954.0
947320.0,73825.0
945411.0,73667.0
943609.0,73528.0
976582.0,76128.0
974749.0,75989.0
972859.0,75854.0
970952.0,75699.0
969129.0,75557.0
967320.0,75436.0
965430.0,75303.0
963522.0,75168.0
961638.0,75027.0
959736.0,74891.0
957846.0,74746.0
955987.0,74573.0
954144.0,74443.0
952289.0,74299.0
950479.0,74167.0
948609.0,74035.0
946757.0,73905.0
980209.0,76401.0
978360.0,76276.0
976479.0,76140.0
974585.0,75995.0
972778.0,75846.0
970847.0,75713.0
968922.0,75574.0
967086.0,75422.0
965225.0,75305.0
963362.0,75163.0
961435.0,75030.0
959528.0,74885.0
957673.0,74745.0
955927.0,74587.0
989251.0,77220.0
987399.0,77088.0
985533.0,76962.0
983647.0,76805.0
981845.0,76626.0
979959.0,76491.0
978017.0,76339.0
976159.0,76208.0
974270.0,76065.0
972401.0,75929.0
970497.0,75805.0
968599.0,75684.0
966705.0,75547.0
964797.0,75424.0
962843.0,75264.0
961010.0,75123.0
959180.0,74991.0
992163.0,77554.0
990358.0,77420.0
988579.0,77255.0
986662.0,77126.0
984777.0,76987.0
982929.0,76842.0
981039.0,76688.0
979194.0,76541.0
977281.0,76381.0
975398.0,76249.0
973507.0,76116.0
971662.0,75968.0
969801.0,75810.0
967886.0,75637.0
1000774.0,78241.0
998928.0,78089.0
997144.0,77960.0
995224.0,77814.0
993368.0,77675.0
991523.0,77549.0
989663.0,77401.0
987777.0,77261.0
985962.0,77136.0
984115.0,76974.0
982299.0,76833.0
980454.0,76676.0
978521.0,76549.0
976610.0,76415.0
974648.0,76264.0
1007837.0,78871.0
1006005.0,78731.0
1004099.0,78569.0
1002217.0,78426.0
1000366.0,78285.0
998584.0,78130.0
996739.0,77957.0
994924.0,77798.0
993009.0,77658.0
991084.0,77528.0
989195.0,77371.0
987320.0,77217.0
985346.0,77072.0
983424.0,76922.0
1016288.0,79412.0
1014465.0,79266.0
1012730.0,79136.0
1010843.0,79000.0
1008952.0,78836.0
1007065.0,78692.0
1005251.0,78530.0
1003389.0,78404.0
1001458.0,78247.0
999614.0,78108.0
997675.0,77953.0
995721.0,77802.0
993883.0,77668.0
992011.0,77537.0
990126.0,77393.0
988190.0,77246.0
986415.0,77107.0
1019337.0,79661.0
1017431.0,79502.0
1015577.0,79372.0
1013656.0,79240.0
1011806.0,79103.0
1009841.0,78972.0
1007962.0,78822.0
1006080.0,78682.0
1004198.0,78553.0
1002397.0,78411.0
1000542.0,78266.0
998683.0,78118.0
996738.0,77974.0
994892.0,77834.0
1028161.0,80331.0
1026243.0,80176.0
1024347.0,80020.0
1022526.0,79870.0
1020663.0,79730.0
1018820.0,79574.0
1016896.0,79435.0
1015029.0,79300.0
1013198.0,79173.0
1011355.0,79031.0
1009550.0,78904.0
1007679.0,78747.0
1005863.0,78600.0
1003959.0,78466.0
1002003.0,78300.0
1000063.0,78160.0
1033298.0,80707.0
1031433.0,80575.0
1029590.0,80423.0
1027707.0,80293.0
1025789.0,80154.0
1023901.0,79985.0
1022063.0,79839.0
1020222.0,79684.0
1018298.0,79545.0
1016425.0,79406.0
1014584.0,79276.0
1012752.0,79123.0
1010880.0,78977.0
1008995.0,78836.0
1041929.0,81375.0
1040059.0,81220.0
1038195.0,81091.0
1036353.0,80935.0
1034536.0,80797.0
1032676.0,80647.0
1030831.0,80494.0
1029004.0,80348.0
1027058.0,80210.0
1025142.0,80083.0
1023221.0,79925.0
1021343.0,79775.0
1019392.0,79629.0
1017329.0,79500.0
1015416.0,79363.0
1013486.0,79221.0
1011685.0,79073.0
1044700.0,81608.0
1042879.0,81460.0
1041044.0,81305.0
1039235.0,81177.0
1037383.0,81029.0
1035551.0,80882.0
1033694.0,80731.0
1031793.0,80596.0
1029958.0,80454.0
1028070.0,80311.0
1026224.0,80178.0
1024380.0,80041.0
1022587.0,79900.0
1020761.0,79763.0
1053874.0,82362.0
1052013.0,82193.0
1050112.0,82056.0
1048225.0,81913.0
1046335.0,81762.0
1044394.0,81625.0
1042464.0,81489.0
1040609.0,81336.0
1038741.0,81184.0
1036835.0,81061.0
1034939.0,80927.0
1033061.0,80804.0
1031164.0,80654.0
1029330.0,80506.0
1027519.0,80359.0
1025628.0,80218.0
1058582.0,82740.0
1056638.0,82587.0
1054762.0,82454.0
1052907.0,82322.0
1051017.0,82168.0
1049138.0,82021.0
1047223.0,81901.0
1045338.0,81757.0
1043468.0,81614.0
1041635.0,81479.0
1039718.0,81342.0
1037884.0,81196.0
1036001.0,81038.0
1034125.0,80904.0
1067403.0,83343.0
1065542.0,83188.0
1063660.0,83052.0
1061801.0,82921.0
1059902.0,82769.0
1058038.0,82625.0
1056207.0,82496.0
1054257.0,82368.0
1052328.0,82219.0
1050431.0,82068.0
1048607.0,81937.0
1046704.0,81785.0
1044786.0,81622.0
1042938.0,81461.0
1040985.0,81320.0
1039073.0,81169.0
1037144.0,81008.0
1070304.0,83561.0
1068411.0,83407.0
1066553.0,83273.0
1064718.0,83131.0
1062892.0,82946.0
1061054.0,82787.0
1059220.0,82636.0
1057301.0,82502.0
1055466.0,82347.0
1053597.0,82215.0
1051727.0,82071.0
1049866.0,81910.0
1047973.0,81770.0
1046177.0,81638.0
1079511.0,84154.0
1077568.0,84012.0
1075780.0,83875.0
1073876.0,83729.0
1072043.0,83589.0
1070247.0,83435.0
1068421.0,83310.0
1066518.0,83167.0
1064623.0,83030.0
1062748.0,82890.0
1060850.0,82713.0
1058956.0,82557.0
1057091.0,82406.0
1055226.0,82282.0
1053364.0,82145.0
1051470.0,82005.0
1049622.0,81865.0
1083006.0,84419.0
1081089.0,84262.0
1079247.0,84125.0
1077375.0,83975.0
1075493.0,83815.0
1073607.0,83658.0
1071812.0,83530.0
1069882.0,83382.0
1067961.0,83229.0
1066123.0,83097.0
1064252.0,82951.0
1062344.0,82818.0
1060513.0,82678.0
1058631.0,82529.0
1091752.0,85116.0
1089771.0,84975.0
1087975.0,84851.0
1086069.0,84711.0
1084174.0,84579.0
1082263.0,84449.0
1080355.0,84324.0
1078451.0,84167.0
1076548.0,84010.0
1074710.0,83863.0
1072802.0,83724.0
1071031.0,83581.0
1069182.0,83435.0
1067339.0,83279.0
1065496.0,83140.0
1063655.0,83008.0
1096724.0,85631.0
1094818.0,85490.0
1092942.0,85364.0
1091008.0,85214.0
1089137.0,85079.0
1087282.0,84934.0
1085434.0,84801.0
1083589.0,84648.0
1081678.0,84502.0
1079842.0,84379.0
1078005.0,84242.0
1076100.0,84090.0
1074154.0,83953.0
1072291.0,83810.0
1105457.0,86392.0
1103557.0,86256.0
1101649.0,86133.0
1099800.0,86016.0
1097925.0,85854.0
1096098.0,85700.0
1094261.0,85539.0
1092429.0,85390.0
1090577.0,85229.0
1088678.0,85095.0
1086780.0,84936.0
1084905.0,84786.0
1083028.0,84624.0
1081154.0,84464.0
1079270.0,84321.0
1077385.0,84184.0
1075458.0,84044.0
1108478.0,86510.0
1106628.0,86374.0
1104759.0,86240.0
1102977.0,86085.0
1101148.0,85914.0
1099262.0,85776.0
1097368.0,85633.0
1095476.0,85485.0
1093617.0,85338.0
1091819.0,85190.0
1089916.0,85037.0
1088050.0,84885.0
1086180.0,84718.0
1084325.0,84572.0
1117360.0,87042.0
1115495.0,86871.0
1113642.0,86732.0
1111834.0,86591.0
1109946.0,86442.0
1108106.0,86292.0
1106280.0,86145.0
1104410.0,86000.0
1102568.0,85866.0
1100641.0,85709.0
1098724.0,85582.0
1096904.0,85438.0
1095097.0,85295.0
1093239.0,85138.0
1091360.0,85004.0
1089474.0,84853.0
1122824.0,87352.0
1120937.0,87194.0
1119046.0,87049.0
1117190.0,86912.0
1115297.0,86768.0
1113431.0,86634.0
1111610.0,86478.0
1109639.0,86338.0
1107763.0,86177.0
1105880.0,86046.0
1104074.0,85905.0
1102231.0,85772.0
1100457.0,85648.0
1098605.0,85494.0
1131761.0,88057.0
1129938.0,87918.0
1128074.0,87773.0
1126189.0,87614.0
1124299.0,87464.0
1122397.0,87337.0
1120538.0,87209.0
1118624.0,87067.0
1116717.0,86941.0
1114891.0,86800.0
1112984.0,86677.0
1111142.0,86536.0
1109253.0,86391.0
1107372.0,86243.0
1105483.0,86106.0
1103622.0,85959.0
1101708.0,85812.0
1134651.0,88363.0
1132822.0,88206.0
1130948.0,88080.0
1129083.0,87924.0
1127137.0,87760.0
1125241.0,87618.0
1123430.0,87479.0
1121458.0,87345.0
1119624.0,87215.0
1117723.0,87078.0
1115848.0,86935.0
1113999.0,86797.0
1112220.0,86652.0
1110310.0,86510.0
1143350.0,89069.0
1141526.0,88919.0
1139644.0,88787.0
1137713.0,88640.0
1135819.0,88516.0
1133949.0,88400.0
1132066.0,88255.0
1130184.0,88128.0
1128340.0,87990.0
1126419.0,87855.0
1124558.0,87716.0
1122676.0,87563.0
1120742.0,87405.0
1118873.0,87281.0
1116964.0,87130.0
1115080.0,86971.0
1113229.0,86819.0
1146143.0,89384.0
1144274.0,89233.0
1142446.0,89091.0
1140599.0,88935.0
1138703.0,88782.0
1136827.0,88650.0
1134956.0,88511.0
1133106.0,88370.0
1131256.0,88232.0
1129449.0,88072.0
1127519.0,87936.0
1125659.0,87795.0
1123829.0,87656.0
1121987.0,87505.0
1155027.0,89969.0
1153099.0,89816.0
1151166.0,89686.0
1149338.0,89539.0
1147480.0,89389.0
1145520.0,89254.0
1143634.0,89123.0
1141727.0,88991.0
1139817.0,88860.0
1137876.0,88727.0
1136050.0,88574.0
1134222.0,88449.0
1132382.0,88292.0
1130516.0,88133.0
1163523.0,90703.0
1161635.0,90567.0
1159718.0,90431.0
1157804.0,90293.0
1156000.0,90138.0
1154156.0,89989.0
1152289.0,89849.0
1150413.0,89700.0
1148545.0,89566.0
1146646.0,89424.0
1144747.0,89286.0
1142895.0,89160.0
1140948.0,89028.0
1139140.0,88890.0
1172493.0,91491.0
1170641.0,91362.0
1168712.0,91242.0
1166785.0,91121.0
1164921.0,90981.0
1163161.0,90830.0
1161299.0,90679.0
1159485.0,90522.0
1157610.0,90390.0
1155720.0,90227.0
1153918.0,90086.0
1152027.0,89957.0
1150159.0,89814.0
1148272.0,89691.0
1146387.0,89535.0
1144608.0,89388.0
1142773.0,89248.0
1175915.0,91785.0
1174043.0,91653.0
1172226.0,91510.0
1170381.0,91375.0
1168514.0,91237.0
1166709.0,91095.0
1164855.0,90969.0
1162998.0,90843.0
1161127.0,90703.0
1159287.0,90551.0
1157441.0,90389.0
1155593.0,90252.0
1153725.0,90125.0
1151779.0,89976.0
1185051.0,92510.0
1183183.0,92366.0
1181302.0,92235.0
1179446.0,92097.0
1177521.0,91976.0
1175624.0,91829.0
1173728.0,91698.0
1171909.0,91554.0
1169995.0,91428.0
1168069.0,91279.0
1166167.0,91137.0
1164264.0,90997.0
1162369.0,90834.0
1160533.0,90678.0
1158646.0,90545.0
1156815.0,90388.0
1189817.0,92973.0
1187904.0,92839.0
1186014.0,92682.0
1184122.0,92536.0
1182188.0,92401.0
1180323.0,92268.0
1178430.0,92124.0
1176562.0,91969.0
1174692.0,91827.0
1172840.0,91688.0
1170994.0,91548.0
1169138.0,91418.0
1167215.0,91279.0
1165334.0,91128.0
1198388.0,93647.0
1196556.0,93486.0
1194652.0,93336.0
1192737.0,93197.0
1190931.0,93044.0
1189024.0,92891.0
1187080.0,92734.0
1185196.0,92604.0
1183294.0,92478.0
1181361.0,92333.0
1179505.0,92196.0
1177650.0,92038.0
1175767.0,91891.0
1173884.0,91737.0
1171987.0,91592.0
1170116.0,91454.0
1168221.0,91309.0
1201043.0,93848.0
1199174.0,93716.0
1197320.0,93564.0
1195412.0,93422.0
1193611.0,93273.0
1191734.0,93134.0
1189836.0,92992.0
1187932.0,92861.0
1186050.0,92706.0
1184287.0,92572.0
1182331.0,92434.0
1180465.0,92276.0
1178637.0,92137.0
1176774.0,91997.0
1209680.0,94529.0
1207838.0,94393.0
1205927.0,94242.0
1204105.0,94087.0
1202301.0,93939.0
1200429.0,93789.0
1198577.0,93650.0
1196794.0,93494.0
1194962.0,93344.0
1193091.0,93222.0
1191282.0,93081.0
1189350.0,92952.0
1187500.0,92810.0
1185572.0,92648.0
1183739.0,92497.0
1181859.0,92368.0
1214890.0,94981.0
1213032.0,94843.0
1211059.0,94717.0
1209166.0,94582.0
1207293.0,94468.0
1205463.0,94323.0
1203511.0,94192.0
1201628.0,94065.0
1199800.0,93941.0
1197937.0,93803.0
1196107.0,93672.0
1194350.0,93537.0
1192482.0,93406.0
1190608.0,93277.0
1224039.0,95834.0
1222172.0,95671.0
1220294.0,95500.0
1218402.0,95355.0
1216569.0,95229.0
1214683.0,95093.0
1212846.0,94934.0
1211044.0,94784.0
1209151.0,94657.0
1207229.0,94506.0
1205313.0,94360.0
1203447.0,94223.0
1201575.0,94067.0
1199699.0,93935.0
1197822.0,93798.0
1195950.0,93634.0
1194048.0,93488.0
1226953.0,95960.0
1225069.0,95816.0
1223171.0,95678.0
1221357.0,95514.0
1219461.0,95372.0
1217590.0,95201.0
1215643.0,95023.0
1213765.0,94848.0
1211897.0,94712.0
1210056.0,94585.0
1208183.0,94446.0
1206262.0,94305.0
1204435.0,94160.0
1202508.0,94025.0
1235588.0,96577.0
1233764.0,96419.0
1231894.0,96285.0
1229992.0,96152.0
1228065.0,95994.0
1226184.0,95841.0
1224364.0,95702.0
1222514.0,95567.0
1220677.0,95405.0
1218811.0,95255.0
1216912.0,95106.0
1215035.0,94971.0
1213207.0,94839.0
1211303.0,94703.0
1209414.0,94561.0
1207491.0,94411.0
1205642.0,94248.0
1238767.0,96764.0
1236903.0,96625.0
1235059.0,96483.0
1233202.0,96349.0
1231300.0,96221.0
1229422.0,96091.0
1227602.0,95949.0
1225742.0,95795.0
1223905.0,95635.0
1221982.0,95475.0
1220122.0,95331.0
1218284.0,95185.0
1216348.0,95048.0
1214463.0,94923.0
1247580.0,97471.0
1245696.0,97318.0
1243856.0,97177.0
1241990.0,97042.0
1240057.0,96896.0
1238273.0,96748.0
1236361.0,96606.0
1234439.0,96477.0
1232607.0,96335.0
1230685.0,96204.0
1228827.0,96066.0
1226963.0,95918.0
1225123.0,95772.0
1223280.0,95638.0
1221325.0,95492.0
1219464.0,95358.0
1252773.0,97955.0
1250914.0,97805.0
1249021.0,97673.0
1247102.0,97556.0
1245193.0,97427.0
1243331.0,97286.0
1241411.0,97149.0
1239559.0,97005.0
1237679.0,96849.0
1235734.0,96714.0
1233813.0,96548.0
1231982.0,96410.0
1230169.0,96258.0
1228362.0,96109.0
1261191.0,98512.0
1259350.0,98359.0
1257465.0,98218.0
1255590.0,98054.0
1253733.0,97895.0
1251862.0,97760.0
1249983.0,97635.0
1248158.0,97500.0
1246251.0,97340.0
1244370.0,97191.0
1242489.0,97042.0
1240636.0,96895.0
1238743.0,96732.0
1236877.0,96582.0
1235013.0,96455.0
1233193.0,96307.0
1231295.0,96179.0
1264047.0,98741.0
1262184.0,98599.0
1260286.0,98429.0
1258367.0,98291.0
1256534.0,98147.0
1254674.0,98011.0
1252815.0,97860.0
1250927.0,97713.0
1249033.0,97579.0
1247171.0,97428.0
1245312.0,97274.0
1243485.0,97139.0
1241654.0,96993.0
1239864.0,96853.0
1272523.0,99513.0
1270554.0,99363.0
1268623.0,99217.0
1266717.0,99074.0
1264867.0,98934.0
1263043.0,98791.0
1261122.0,98656.0
1259217.0,98482.0
1257426.0,98349.0
1255588.0,98211.0
1253767.0,98078.0
1251856.0,97923.0
1249965.0,97779.0
1248057.0,97616.0
1246269.0,97465.0
1244448.0,97338.0
1277280.0,99874.0
1275431.0,99742.0
1273506.0,99602.0
1271632.0,99441.0
1269845.0,99276.0
1268002.0,99120.0
1266077.0,98984.0
1264218.0,98842.0
1262417.0,98709.0
1260550.0,98569.0
1258712.0,98437.0
1256948.0,98278.0
1255069.0,98111.0
1253160.0,97955.0
1286092.0,100540.0
1284215.0,100381.0
1282361.0,100236.0
1280488.0,100078.0
1278604.0,99949.0
1276737.0,99809.0
1274879.0,99678.0
1272956.0,99539.0
1271055.0,99386.0
1269178.0,99243.0
1267304.0,99087.0
1265374.0,98948.0
1263532.0,98827.0
1261656.0,98679.0
1259812.0,98547.0
1258003.0,98391.0
1256141.0,98248.0
1289035.0,100791.0
1287161.0,100656.0
1285247.0,100500.0
1283333.0,100352.0
1281399.0,100213.0
1279590.0,100076.0
1277682.0,99933.0
1275841.0,99780.0
1273938.0,99642.0
1272145.0,99483.0
1270297.0,99333.0
1268454.0,99206.0
1266620.0,99060.0
1264793.0,98921.0
1298005.0,101478.0
1296217.0,101331.0
1294392.0,101182.0
1292573.0,101027.0
1290688.0,100873.0
1288820.0,100714.0
1286947.0,100559.0
1285060.0,100412.0
1283205.0,100278.0
1281384.0,100122.0
1279474.0,99965.0
1277629.0,99797.0
1275765.0,99654.0
1273910.0,99528.0
1272014.0,99357.0
1270168.0,99205.0
1268249.0,99045.0
1300949.0,101643.0
1299025.0,101511.0
1297209.0,101365.0
1295379.0,101253.0
1293505.0,101105.0
1291638.0,100963.0
1289744.0,100827.0
1287912.0,100683.0
1286037.0,100538.0
1284205.0,100411.0
1282274.0,100266.0
1280427.0,100127.0
1278523.0,99984.0
1276622.0,99846.0
1309745.0,102352.0
1307903.0,102216.0
1306045.0,102066.0
1304153.0,101909.0
1302236.0,101786.0
1300383.0,101653.0
1298563.0,101516.0
1296655.0,101384.0
1294796.0,101256.0
1292922.0,101121.0
1291069.0,100995.0
1289147.0,100853.0
1287239.0,100708.0
1285373.0,100577.0
1318119.0,103129.0
1316251.0,103007.0
1314374.0,102858.0
1312441.0,102707.0
1310515.0,102566.0
1308674.0,102441.0
1306826.0,102309.0
1304987.0,102147.0
1303114.0,101989.0
1301292.0,101828.0
1299402.0,101676.0
1297531.0,101544.0
1295729.0,101395.0
1293859.0,101246.0
1327264.0,103901.0
1325406.0,103764.0
1323473.0,103629.0
1321592.0,103493.0
1319662.0,103367.0
1317792.0,103235.0
1315882.0,103104.0
1313951.0,102962.0
1312163.0,102829.0
1310310.0,102687.0
1308391.0,102530.0
1306542.0,102385.0
1304649.0,102224.0
1302751.0,102086.0
1300902.0,101934.0
1299079.0,101801.0
1297182.0,101654.0
1330384.0,104128.0
1328496.0,103987.0
1326698.0,103849.0
1324804.0,103704.0
1322933.0,103558.0
1321123.0,103420.0
1319276.0,103277.0
1317360.0,103123.0
1315499.0,102990.0
1313588.0,102856.0
1311717.0,102753.0
1309846.0,102617.0
1307865.0,102480.0
1305920.0,102328.0
1339404.0,104820.0
1337550.0,104679.0
1335733.0,104537.0
1333843.0,104395.0
1332023.0,104257.0
1330158.0,104136.0
1328267.0,103987.0
1326403.0,103828.0
1324516.0,103687.0
1322730.0,103540.0
1320842.0,103408.0
1318983.0,103247.0
1317090.0,103129.0
1315209.0,102992.0
1313402.0,102841.0
1311530.0,102702.0
1344721.0,105278.0
1342884.0,105125.0
1341075.0,104956.0
1339235.0,104810.0
1337426.0,104665.0
1335532.0,104526.0
1333682.0,104388.0
1331824.0,104261.0
1330030.0,104107.0
1328149.0,103981.0
1326326.0,103836.0
1324574.0,103715.0
1322714.0,103585.0
1320876.0,103436.0
1353820.0,105923.0
1351935.0,105811.0
1350040.0,105654.0
1348091.0,105514.0
1346243.0,105364.0
1344317.0,105202.0
1342460.0,105076.0
1340658.0,104929.0
1338707.0,104784.0
1336883.0,104662.0
1334973.0,104521.0
1333060.0,104398.0
1331222.0,104268.0
1329284.0,104143.0
1327393.0,104001.0
1325593.0,103863.0
1323754.0,103703.0
1356924.0,106249.0
1355016.0,106098.0
1353085.0,105959.0
1351235.0,105842.0
1349389.0,105690.0
1347424.0,105576.0
1345547.0,105425.0
1343698.0,105303.0
1341850.0,105173.0
1339939.0,105031.0
1338081.0,104899.0
1336144.0,104765.0
1334218.0,104639.0
1332314.0,104512.0
1365661.0,107070.0
1363832.0,106932.0
1361976.0,106804.0
1360129.0,106689.0
1358347.0,106541.0
1356529.0,106383.0
1354670.0,106245.0
1352794.0,106110.0
1350872.0,105970.0
1349026.0,105831.0
1347112.0,105668.0
1345252.0,105539.0
1343384.0,105395.0
1341503.0,105267.0
1339654.0,105122.0
1337698.0,104981.0
1370871.0,107525.0
1368982.0,107375.0
1367069.0,107243.0
1365175.0,107099.0
1363292.0,106945.0
1361400.0,106784.0
1359576.0,106643.0
1357705.0,106516.0
1355836.0,106369.0
1353977.0,106241.0
1352127.0,106098.0
1350223.0,105939.0
1348444.0,105784.0
1346550.0,105635.0
1379778.0,108112.0
1377915.0,107972.0
1376073.0,107845.0
1374264.0,107696.0
1372385.0,107552.0
1370493.0,107421.0
1368618.0,107303.0
1366860.0,107164.0
1364959.0,107027.0
1363094.0,106870.0
1361261.0,106694.0
1359373.0,106539.0
1357597.0,106406.0
1355758.0,106236.0
1353814.0,106104.0
1351927.0,105971.0
1350040.0,105824.0
1383430.0,108425.0
1381488.0,108269.0
1379621.0,108091.0
1377730.0,107929.0
1375957.0,107787.0
1374026.0,107638.0
1372052.0,107489.0
1370169.0,107363.0
1368254.0,107209.0
1366384.0,107064.0
1364523.0,106930.0
1362608.0,106791.0
1360758.0,106651.0
1358845.0,106512.0
1392161.0,109016.0
1390327.0,108859.0
1388464.0,108727.0
1386595.0,108571.0
1384710.0,108415.0
1382797.0,108258.0
1380969.0,108133.0
1379148.0,107996.0
1377313.0,107850.0
1375474.0,107699.0
1373613.0,107554.0
1371802.0,107422.0
1369963.0,107288.0
1368116.0,107145.0
1366359.0,107009.0
1364475.0,106872.0
1362683.0,106764.0
1395785.0,109294.0
1393886.0,109146.0
1392090.0,108985.0
1390170.0,108833.0
1388302.0,108684.0
1386492.0,108543.0
1384595.0,108406.0
1382674.0,108286.0
1380774.0,108148.0
1378810.0,108001.0
1376884.0,107863.0
1374975.0,107724.0
1373092.0,107573.0
1371187.0,107433.0
1404573.0,110007.0
1402682.0,109880.0
1400734.0,109729.0
1398882.0,109586.0
1397036.0,109443.0
1395140.0,109297.0
1393196.0,109152.0
1391300.0,109002.0
1389455.0,108858.0
1387513.0,108694.0
1385625.0,108540.0
1383718.0,108400.0
1381900.0,108252.0
1379960.0,108087.0
1378045.0,107943.0
1376235.0,107791.0
1409103.0,110370.0
1407288.0,110221.0
1405431.0,110060.0
1403589.0,109909.0
1401774.0,109749.0
1399989.0,109599.0
1398134.0,109461.0
1396299.0,109314.0
1394491.0,109170.0
1392655.0,109010.0
1390749.0,108857.0
1388895.0,108713.0
1386965.0,108578.0
1385082.0,108448.0
1418317.0,111032.0
1416455.0,110900.0
1414610.0,110736.0
1412746.0,110587.0
1410881.0,110435.0
1409027.0,110286.0
1407164.0,110130.0
1405274.0,110015.0
1403391.0,109868.0
1401508.0,109702.0
1399610.0,109561.0
1397653.0,109444.0
1395843.0,109286.0
1393910.0,109135.0
1392042.0,108998.0
1390101.0,108865.0
1388290.0,108716.0
1421321.0,111218.0
1419430.0,111074.0
1417605.0,110936.0
1415703.0,110773.0
1413796.0,110624.0
1411885.0,110485.0
1409955.0,110344.0
1408084.0,110203.0
1406199.0,110058.0
1404338.0,109893.0
1402530.0,109747.0
1400612.0,109572.0
1398763.0,109433.0
1396886.0,109296.0
1429801.0,111792.0
1427885.0,111664.0
1426093.0,111519.0
1424274.0,111391.0
1422380.0,111256.0
1420590.0,111105.0
1418784.0,110971.0
1416977.0,110822.0
1415074.0,110679.0
1413239.0,110530.0
1411414.0,110390.0
1409493.0,110214.0
1407607.0,110082.0
1405770.0,109936.0
1403874.0,109804.0
1402018.0,109686.0
1435151.0,112260.0
1433257.0,112121.0
1431437.0,111971.0
1429548.0,111824.0
1427658.0,111698.0
1425782.0,111546.0
1423896.0,111413.0
1422061.0,111230.0
1420160.0,111087.0
1418269.0,110942.0
1416373.0,110786.0
1414370.0,110645.0
1412525.0,110505.0
1410690.0,110351.0
1443786.0,112993.0
1441984.0,112870.0
1440139.0,112729.0
1438323.0,112607.0
1436539.0,112470.0
1434678.0,112320.0
1432821.0,112179.0
1430969.0,112052.0
1429112.0,111918.0
1427213.0,111767.0
1425383.0,111621.0
1423466.0,111480.0
1421611.0,111321.0
1419767.0,111167.0
1417847.0,111037.0
1415946.0,110888.0
1414034.0,110726.0
1446980.0,113260.0
1445138.0,113117.0
1443352.0,112983.0
1441471.0,112860.0
1439601.0,112725.0
1437677.0,112592.0
1435774.0,112451.0
1433891.0,112313.0
1431971.0,112180.0
1430085.0,112030.0
1428149.0,111888.0
1426292.0,111742.0
1424459.0,111589.0
1422596.0,111444.0
1455286.0,113962.0
1453379.0,113839.0
1451525.0,113687.0
1449686.0,113570.0
1447874.0,113397.0
1446015.0,113294.0
1444084.0,113156.0
1442238.0,113034.0
1440301.0,112898.0
1438496.0,112778.0
1436672.0,112653.0
1434761.0,112500.0
1432959.0,112362.0
1431052.0,112212.0
1429203.0,112075.0
1427245.0,111920.0
1425431.0,111771.0
1458493.0,114273.0
1456617.0,114161.0
1454772.0,114025.0
1452935.0,113876.0
1451103.0,113723.0
1449256.0,113594.0
1447396.0,113451.0
1445483.0,113324.0
1443616.0,113169.0
1441752.0,113026.0
1439888.0,112875.0
1437975.0,112740.0
1436108.0,112625.0
1434319.0,112474.0
1467326.0,115048.0
1465542.0,114902.0
1463651.0,114764.0
1461803.0,114625.0
1459976.0,114467.0
1458093.0,114320.0
1456194.0,114188.0
1454341.0,114060.0
1452448.0,113926.0
1450492.0,113808.0
1448576.0,113673.0
1446723.0,113521.0
1444911.0,113369.0
1443046.0,113223.0
1476131.0,115711.0
1474355.0,115565.0
1472471.0,115415.0
1470582.0,115256.0
1468733.0,115114.0
1466796.0,114958.0
1464921.0,114817.0
1463085.0,114685.0
1461154.0,114552.0
1459317.0,114401.0
1457429.0,114261.0
1455582.0,114114.0
1453641.0,113966.0
1451794.0,113825.0
1484925.0,116360.0
1483083.0,116204.0
1481180.0,116052.0
1479315.0,115903.0
1477490.0,115750.0
1475567.0,115606.0
1473685.0,115481.0
1471744.0,115339.0
1469885.0,115188.0
1468082.0,115027.0
1466249.0,114880.0
1464394.0,114753.0
1462529.0,114597.0
1460652.0,114459.0
1458781.0,114334.0
1456969.0,114176.0
1455121.0,114025.0
1488343.0,116591.0
1486424.0,116448.0
1484588.0,116309.0
1482684.0,116169.0
1480809.0,116037.0
1479004.0,115914.0
1477180.0,115777.0
1475311.0,115634.0
1473439.0,115492.0
1471565.0,115351.0
1469628.0,115207.0
1467705.0,115049.0
1465821.0,114912.0
1463968.0,114772.0
1496937.0,117368.0
1495108.0,117233.0
1493203.0,117090.0
1491326.0,116944.0
1489466.0,116808.0
1487584.0,116659.0
1485740.0,116505.0
1483927.0,116391.0
1482058.0,116251.0
1480163.0,116111.0
1478255.0,115964.0
1476333.0,115839.0
1474447.0,115694.0
1472600.0,115551.0
1470722.0,115411.0
1468819.0,115271.0
1501947.0,117808.0
1499989.0,117681.0
1498125.0,117557.0
1496305.0,117408.0
1494381.0,117260.0
1492500.0,117112.0
1490652.0,116951.0
1488806.0,116810.0
1486952.0,116658.0
1485133.0,116514.0
1483254.0,116368.0
1481387.0,116230.0
1479532.0,116071.0
1477666.0,115944.0
1510830.0,118579.0
1508962.0,118416.0
1507088.0,118268.0
1505223.0,118099.0
1503370.0,117940.0
1501467.0,117826.0
1499592.0,117671.0
1497682.0,117534.0
1495769.0,117401.0
1493895.0,117258.0
1492027.0,117145.0
1490198.0,117001.0
1488266.0,116853.0
1486327.0,116699.0
1484540.0,116551.0
1482626.0,116418.0
1480844.0,116270.0
1513943.0,118787.0
1512031.0,118645.0
1510155.0,118518.0
1508296.0,118383.0
1506428.0,118240.0
1504500.0,118087.0
1502588.0,117952.0
1500771.0,117804.0
1498899.0,117655.0
1496978.0,117496.0
1495165.0,117355.0
1493237.0,117228.0
1491349.0,117080.0
1489560.0,116927.0
1522925.0,119493.0
1521075.0,119346.0
1519173.0,119209.0
1517202.0,119069.0
1515384.0,118910.0
1513566.0,118795.0
1511708.0,118659.0
1509840.0,118519.0
1508007.0,118371.0
1506158.0,118226.0
1504320.0,118080.0
1502422.0,117931.0
1500544.0,117795.0
1498690.0,117653.0
1496771.0,117518.0
1494865.0,117397.0
1527812.0,119930.0
1525999.0,119779.0
1524151.0,119628.0
1522276.0,119502.0
1520458.0,119374.0
1518636.0,119230.0
1516756.0,119081.0
1514913.0,118939.0
1513109.0,118800.0
1511229.0,118652.0
1509332.0,118494.0
1507504.0,118326.0
1505613.0,118194.0
1503790.0,118051.0
1537062.0,120547.0
1535135.0,120399.0
1533205.0,120262.0
1531390.0,120117.0
1529515.0,119964.0
1527666.0,119812.0
1525775.0,119683.0
1523887.0,119539.0
1522026.0,119408.0
1520139.0,119248.0
1518301.0,119097.0
1516441.0,118934.0
1514532.0,118768.0
1512630.0,118647.0
1510708.0,118508.0
1508853.0,118365.0
1506950.0,118236.0
1539707.0,120823.0
1537819.0,120695.0
1535846.0,120547.0
1534024.0,120410.0
1532145.0,120268.0
1530277.0,120123.0
1528441.0,119994.0
1526583.0,119856.0
1524650.0,119719.0
1522716.0,119592.0
1520840.0,119454.0
1518955.0,119327.0
1517076.0,119183.0
1515184.0,119059.0
1548332.0,121611.0
1546441.0,121460.0
1544651.0,121316.0
1542822.0,121165.0
1541052.0,121015.0
1539217.0,120887.0
1537348.0,120745.0
1535474.0,120616.0
1533561.0,120486.0
1531735.0,120340.0
1529937.0,120198.0
1528097.0,120033.0
1526220.0,119879.0
1524382.0,119755.0
1522588.0,119632.0
1520673.0,119474.0
1518813.0,119330.0
1551802.0,121833.0
1549909.0,121676.0
1548095.0,121539.0
1546165.0,121397.0
1544276.0,121259.0
1542405.0,121116.0
1540519.0,120975.0
1538658.0,120853.0
1536758.0,120706.0
1534898.0,120582.0
1533082.0,120470.0
1531298.0,120311.0
1529366.0,120172.0
1527541.0,120027.0
1560668.0,122623.0
1558877.0,122472.0
1556995.0,122328.0
1555134.0,122182.0
1553354.0,122023.0
1551448.0,121862.0
1549597.0,121740.0
1547820.0,121594.0
1545936.0,121463.0
1544075.0,121327.0
1542273.0,121180.0
1540393.0,121038.0
1538520.0,120894.0
1536717.0,120767.0
1534763.0,120632.0
1532883.0,120498.0
1565846.0,123026.0
1563988.0,122891.0
1562063.0,122749.0
1560209.0,122599.0
1558255.0,122467.0
1556333.0,122337.0
1554404.0,122188.0
1552581.0,122037.0
1550672.0,121913.0
1548757.0,121768.0
1546833.0,121630.0
1544974.0,121503.0
1543103.0,121348.0
1541201.0,121214.0
1574190.0,123722.0
1572329.0,123586.0
1570488.0,123456.0
1568685.0,123306.0
1566724.0,123162.0
1564869.0,123036.0
1562988.0,122889.0
1561098.0,122750.0
1559274.0,122611.0
1557382.0,122437.0
1555463.0,122303.0
1553543.0,122172.0
1551742.0,122018.0
1549889.0,121880.0
1548092.0,121748.0
1546274.0,121609.0
1544435.0,121473.0
1577392.0,124070.0
1575461.0,123939.0
1573648.0,123772.0
1571753.0,123614.0
1569892.0,123471.0
1567906.0,123294.0
1566146.0,123138.0
1564231.0,122995.0
1562346.0,122852.0
1560422.0,122704.0
1558564.0,122565.0
1556701.0,122434.0
1554852.0,122275.0
1552891.0,122123.0
1586041.0,124724.0
1584157.0,124574.0
1582309.0,124410.0
1580506.0,124263.0
1578624.0,124138.0
1576848.0,124013.0
1575036.0,123900.0
1573209.0,123736.0
1571370.0,123577.0
1569482.0,123428.0
1567571.0,123303.0
1565710.0,123166.0
1563758.0,123040.0
1561865.0,122881.0
1560094.0,122734.0
1558192.0,122604.0
1591420.0,125047.0
1589505.0,124907.0
1587680.0,124760.0
1585865.0,124629.0
1583966.0,124481.0
1582091.0,124343.0
1580183.0,124194.0
1578354.0,124060.0
1576505.0,123913.0
1574637.0,123737.0
1572694.0,123579.0
1570735.0,123436.0
1568804.0,123284.0
1566960.0,123137.0
1599914.0,125756.0
1597977.0,125609.0
1596140.0,125469.0
1594273.0,125331.0
1592384.0,125184.0
1590507.0,125031.0
1588651.0,124894.0
1586885.0,124767.0
1585024.0,124622.0
1583061.0,124487.0
1581238.0,124341.0
1579381.0,124193.0
1577550.0,124041.0
1575753.0,123881.0
1573913.0,123742.0
1572093.0,123602.0
1570209.0,123478.0
